id,year,X,A,B
0,1970,-1.0856306033005612,a,2.5
1,1970,0.9973454465835858,b,1.2
2,1970,0.28297849805199204,c,0.7
0,1980,-1.0856306033005612,d,3.2
1,1980,0.9973454465835858,e,1.3
2,1980,0.28297849805199204,f,0.1
